{
  "Restaurant" : [ {
    "id" : 0,
    "like" : false,
    "middle_receipt" : 280,
    "name" : "MacDonald's",
    "score" : 0,
    "tag_fast_food" : true,
    "tag_sale" : false,
    "tag_with_itself" : true,
    "url_image" : "https://i.pinimg.com/originals/19/5a/de/195ade04424293f36fb4187557e62d2f.jpg",
    "x_coordinate" : 55.77175006573671,
    "y_coordinate" : 37.68184642459872,
    "z_description" : "Всем известный ресторан быстрого питания, известный своими гамбургерами и колой.",
    "z_feedbacks" : ""
  }, {
    "id" : 1,
    "middle_receipt" : 150,
    "name" : "KFC",
    "score" : 0,
    "tag_fast_food" : true,
    "tag_sale" : false,
    "tag_with_itself" : true,
    "url_image" : "https://bestfoodlogistics.com/wp-content/uploads/2018/06/KFC-Logo_edited-1.jpg",
    "x_coordinate" : 55.773025342016695,
    "y_coordinate" : 37.67690543637803,
    "z_description" : "Сеть ресторанов быстрого питания, знаменитая ведерками с жареной курицей, крылышками и гарнирами.",
    "z_feedbacks" : ""
  }, {
    "id" : 2,
    "middle_receipt" : 600,
    "name" : "Бар Бистрофф",
    "score" : 0,
    "tag_fast_food" : false,
    "tag_sale" : true,
    "tag_with_itself" : true,
    "url_image" : "https://s1.1zoom.ru/big0/971/376930-sepik.jpg",
    "x_coordinate" : 55.770187282310964,
    "y_coordinate" : 37.68610997604037,
    "z_description" : "Уютное место, где каждый гость сможет найти для себя причину вернуться еще раз. Если вы любите вкусно поесть и выпить пива, вам сюда наши цены вас приятно удивят каждый день мы готовим для вас вкусные завтраки и бизнес ланчи. Приготовим и аккуратно упакуем еду на вынос.",
    "z_feedbacks" : ""
  }, {
    "id" : 3,
    "middle_receipt" : 140,
    "name" : "Донер Хауз",
    "score" : 0,
    "tag_fast_food" : false,
    "tag_sale" : false,
    "tag_with_itself" : true,
    "url_image" : "https://dostavka-est.ru/wp-content/uploads/2021/01/common-20762.jpeg",
    "x_coordinate" : 55.771556,
    "y_coordinate" : 37.682686,
    "z_description" : "Ресторан быстрого питания, где готовят лучшую шаурму в округе",
    "z_feedbacks" : ""
  }, {
    "id" : 4,
    "middle_receipt" : 450,
    "name" : "PhoU",
    "score" : 0.0,
    "tag_fast_food" : true,
    "tag_sale" : true,
    "tag_with_itself" : true,
    "url_image" : "https://www.ejin.ru/wp-content/uploads/2017/09/8-1176.jpg",
    "x_coordinate" : 55.77159796084261,
    "y_coordinate" : 37.682420429128676,
    "z_description" : "Ресторан вьетнамской кухни.",
    "z_feedbacks" : ""
  }, {
    "id" : 5,
    "middle_receipt" : 330,
    "name" : "Теремок",
    "score" : 0.0,
    "tag_fast_food" : false,
    "tag_sale" : false,
    "tag_with_itself" : true,
    "url_image" : "https://w-dog.ru/wallpapers/5/3/514766626933323/myaso-kolbasy-ovoshhi-zelen-kapusta-pomidory-limon-shashlyk-shpazhki-palochki-sosiski-podzharennye-pomidor-ogurec.jpg",
    "x_coordinate" : 55.77165836890148,
    "y_coordinate" : 37.68215304118523,
    "z_description" : "Ресторан русской кухни.",
    "z_feedbacks" : ""
  }, {
    "id" : 6,
    "middle_receipt" : 300,
    "name" : "Burger King",
    "score" : 0.0,
    "tag_fast_food" : true,
    "tag_sale" : false,
    "tag_with_itself" : true,
    "url_image" : "https://avatars.mds.yandex.net/get-zen_doc/1856484/pub_5d8b65445d636200af94b0ab_5d8b659becfb8000b00eb309/scale_1200",
    "x_coordinate" : 55.772699404865534,
    "y_coordinate" : 37.67658482459562,
    "z_description" : "Знаменитая сеть ресторанов быстрого питания, где подают бургеры на гриле, картофель фри, коктейли и завтраки.",
    "z_feedbacks" : ""
  }, {
    "id" : 7,
    "middle_receipt" : 360,
    "name" : "Му-Му",
    "score" : 0.0,
    "tag_fast_food" : false,
    "tag_sale" : false,
    "tag_with_itself" : true,
    "url_image" : "https://avatars.mds.yandex.net/get-zen_doc/195350/pub_5b2e352cc2fba000aa1deaa5_5b2e37f16628cb00a819a90c/scale_1200",
    "x_coordinate" : 55.77146689049164,
    "y_coordinate" : 37.67901948019465,
    "z_description" : "Место, где можно по-домашнему вкусно, полноценно и недорого покушать всей семьей, встретиться с друзьями, пообедать с коллегами или бизнес-партнерами. Традиционные блюда кафе популярны среди туристов и гостей столицы, а сами заведения служат местом для встречи с близкими людьми в теплой и уютной атмосфере.",
    "z_feedbacks" : ""
  }, {
    "id" : 8,
    "middle_receipt" : 300,
    "name" : "Мексиканская еда",
    "score" : 0.0,
    "tag_fast_food" : true,
    "tag_sale" : false,
    "tag_with_itself" : true,
    "url_image" : "https://st4.depositphotos.com/8687452/22066/i/950/depositphotos_220668770-stock-photo-tacos-meat-vegetables-mexican-food.jpg",
    "x_coordinate" : 55.771519,
    "y_coordinate" : 37.682058,
    "z_description" : "Прилавок с мексиканскими вкусными питами.",
    "z_feedbacks" : ""
  } ]
}
